#{"t_start": 1790949664.310362, "env_id": "None"}
r,l,t
-21.0,183,5.316048
-21.0,183,5.316097
-21.0,186,5.355489
-21.0,190,5.405365
-21.0,197,5.489892
-21.0,200,5.530639
-21.0,203,5.571786
-20.0,205,5.600071
-20.0,210,5.661764
-20.0,212,5.689134
-21.0,213,5.705905
-20.0,220,5.793081
-21.0,224,5.843368
-21.0,226,5.870354
-20.0,237,6.00417
-19.0,261,8.158544
-21.0,200,9.594829
-21.0,184,11.48157
-21.0,194,11.509265
-21.0,202,11.526773
-21.0,198,11.60359
-21.0,215,11.603626
-21.0,183,11.864637
-20.0,217,11.864675
-21.0,238,11.916842
-20.0,219,12.001061
-21.0,227,12.197915
-20.0,234,12.197947
-21.0,240,12.423389
-20.0,264,12.518325
-20.0,278,12.853186
-20.0,245,12.931847
-21.0,190,15.542512
-21.0,185,15.660384
-21.0,202,15.859004
-21.0,211,15.886444
-20.0,238,16.200489
-21.0,208,16.216825
-21.0,184,16.255834
-19.0,241,16.281288
-21.0,217,16.330695
-21.0,231,18.370547
-21.0,218,18.487118
-20.0,242,18.580737
-21.0,213,18.651281
-21.0,193,18.836862
-21.0,233,18.978929
-21.0,208,19.067071
-21.0,187,19.592761
-21.0,187,21.815649
-21.0,230,22.090847
-21.0,200,22.264919
-21.0,229,22.280208
-21.0,211,22.386986
-21.0,202,22.40258
-20.0,216,22.51982
-21.0,220,22.550792
-21.0,188,22.675345
-21.0,203,22.758344
-20.0,223,22.874805
-21.0,182,23.005391
-21.0,211,23.020372
-21.0,202,24.92756
-21.0,203,25.159508
-20.0,211,25.785567
-21.0,188,26.174126
-20.0,237,28.295935
-21.0,203,28.471133
-21.0,194,28.522806
-21.0,200,28.573834
-21.0,186,28.664815
-20.0,228,28.69188
-21.0,216,28.9345
-20.0,240,28.961508
-20.0,207,29.059596
-21.0,212,29.246357
-18.0,279,29.332979
-21.0,214,29.372327
-19.0,234,29.52548
-21.0,221,29.689176
-21.0,222,32.089505
-21.0,196,32.139404
-21.0,205,32.529847
-21.0,195,32.681918
-21.0,199,32.789352
-21.0,218,32.906166
-21.0,188,33.022542
-21.0,247,34.958199
-21.0,215,35.011589
-20.0,222,35.118673
-21.0,197,35.17079
-21.0,200,35.392346
-19.0,279,35.522254
-19.0,246,35.669181
-21.0,236,35.669221
-21.0,249,36.186047
-21.0,203,36.293986
-21.0,221,38.279805
-20.0,219,38.64736
-21.0,206,38.756117
-21.0,221,38.830472
-21.0,213,38.961651
-21.0,207,39.012821
-21.0,218,39.34434
-21.0,215,39.49372
-21.0,186,39.557894
-20.0,232,39.59688
-21.0,237,41.605942
-21.0,198,41.645976
-20.0,227,41.71758
-21.0,233,42.083401
-21.0,204,42.314946
-21.0,219,42.38572
-20.0,236,42.93508
-21.0,203,43.0334
-21.0,219,44.917294
-20.0,224,45.154622
-21.0,187,45.20693
-21.0,215,45.238152
-20.0,234,45.46527
-21.0,197,45.503721
-21.0,202,45.625059
-21.0,190,45.730355
-21.0,224,45.957543
-21.0,243,48.316756
-21.0,227,48.477296
-18.0,278,48.663598
-21.0,231,48.759372
-20.0,241,48.945317
-21.0,186,49.075773
-21.0,207,49.147404
-21.0,200,49.164553
-20.0,205,49.597948
-20.0,222,49.777214
-21.0,202,49.777253
-21.0,198,51.654621
-21.0,235,51.694106
-21.0,206,51.872395
-18.0,250,52.125736
-21.0,209,52.620882
-21.0,184,52.788934
-20.0,268,52.806564
-20.0,224,52.985049
-21.0,223,53.177898
-21.0,204,55.085081
-20.0,232,55.573635
-21.0,246,55.666568
-21.0,203,55.69519
-20.0,255,55.857443
-21.0,198,55.918145
-21.0,203,55.944512
-21.0,218,56.051013
-21.0,199,56.101702
-20.0,233,56.232157
-20.0,214,56.555692
-21.0,193,58.755104
-21.0,216,58.90404
-21.0,205,59.101561
-21.0,187,59.130024
-20.0,232,59.249643
-21.0,229,59.561849
-21.0,184,59.589364
-21.0,204,61.767353
-21.0,215,61.921061
-21.0,204,61.960097
-20.0,222,62.230809
-20.0,222,62.258409
-21.0,200,62.325072
-21.0,215,62.391676
-21.0,225,62.468631
-21.0,184,63.061822
-20.0,257,63.385909
-21.0,225,65.186544
-21.0,208,65.314434
-20.0,218,65.454109
-21.0,185,65.525184
-21.0,204,65.728407
-21.0,231,65.728445
-21.0,195,66.170932
-21.0,213,66.23425
-21.0,185,66.362091
-21.0,201,66.571584
-21.0,227,66.588935
