#{"t_start": 1790949435.307914, "env_id": "None"}
r,l,t
-21.0,183,4.800455
-21.0,186,4.846668
-21.0,189,4.885978
-21.0,192,4.928199
-21.0,196,4.986429
-21.0,196,4.986445
-21.0,202,5.082782
-21.0,204,5.11301
-21.0,205,5.134537
-21.0,215,5.305281
-21.0,220,5.44114
-21.0,236,5.653283
-21.0,250,5.826562
-20.0,283,8.075813
-19.0,286,8.115384
-19.0,295,8.22875
-21.0,184,9.22776
-21.0,200,9.403684
-21.0,187,11.372089
-21.0,220,11.678391
-21.0,195,11.695651
-20.0,219,11.713137
-20.0,221,11.789062
-21.0,213,11.811343
-21.0,226,11.864873
-21.0,211,11.982001
-21.0,201,12.060903
-20.0,236,12.108544
-21.0,200,12.276139
-20.0,212,12.945184
-20.0,218,12.986606
-21.0,229,15.143244
-20.0,223,16.105901
-21.0,186,16.160422
-21.0,204,16.406879
-21.0,187,16.474528
-20.0,240,16.538997
-20.0,234,16.568768
-20.0,213,16.632461
-21.0,187,16.729184
-21.0,199,16.729199
-21.0,231,18.796417
-20.0,235,18.796433
-20.0,243,18.796437
-21.0,218,18.829633
-20.0,203,19.460692
-21.0,206,19.541051
-21.0,211,19.898233
-21.0,197,22.676585
-21.0,199,22.944323
-21.0,239,23.258986
-21.0,199,23.343414
-21.0,229,23.640144
-21.0,205,23.694362
-20.0,238,23.733954
-21.0,233,23.762679
-20.0,237,23.90803
-21.0,223,23.973072
-19.0,263,24.073321
-21.0,240,24.331773
-20.0,256,26.369588
-20.0,219,26.605997
-21.0,195,26.66094
-20.0,254,27.076663
-21.0,208,27.762953
-20.0,211,30.340707
-21.0,237,30.449709
-21.0,192,30.559264
-21.0,220,30.57833
-21.0,200,30.611719
-21.0,187,30.659917
-20.0,223,30.977605
-21.0,201,30.977621
-21.0,227,31.419414
-19.0,249,31.449269
-20.0,216,31.467216
-20.0,201,31.743926
-20.0,223,31.824444
-21.0,195,32.121758
-21.0,244,34.308805
-21.0,202,34.75464
-21.0,190,35.371433
-21.0,186,35.39992
-21.0,182,35.433838
-21.0,201,35.450135
-21.0,226,37.824189
-20.0,225,37.842639
-21.0,208,37.87173
-21.0,210,37.901754
-21.0,214,38.510992
-21.0,220,38.55678
-21.0,218,38.556797
-21.0,184,38.684714
-20.0,236,39.124242
-19.0,243,39.334918
-21.0,210,39.467105
-20.0,220,41.857203
-21.0,208,42.199434
-21.0,203,42.199451
-21.0,223,42.491918
-20.0,240,42.85149
-21.0,205,42.92443
-21.0,211,43.012036
-20.0,230,43.367403
-20.0,240,43.482609
-21.0,213,45.537067
-20.0,235,45.936535
-21.0,208,46.039111
-21.0,247,46.091023
-21.0,209,46.345649
-20.0,227,46.513197
-21.0,195,46.790629
-19.0,313,47.223933
-21.0,202,47.258852
-21.0,226,49.42749
-21.0,185,49.427508
-21.0,216,49.560548
-21.0,240,50.190028
-21.0,230,50.190046
-20.0,209,50.385314
-21.0,221,50.439938
-21.0,199,50.792299
-21.0,236,50.952373
-21.0,185,51.042191
-21.0,216,51.264234
-21.0,203,53.340539
-21.0,198,53.488908
-21.0,247,53.506223
-21.0,208,54.085169
-19.0,233,54.525502
-20.0,225,54.807272
-21.0,226,54.823493
-21.0,186,54.980527
-21.0,193,55.096856
-21.0,242,57.090203
-21.0,186,57.130837
-21.0,204,57.876476
-20.0,220,58.323493
-20.0,264,58.323509
-20.0,227,58.368397
-21.0,220,58.491329
-21.0,204,58.611608
-21.0,222,58.687884
-21.0,184,58.884619
-20.0,246,61.061795
-20.0,206,61.359703
-21.0,198,61.492153
-21.0,183,61.534412
-21.0,201,61.55328
-21.0,184,61.666908
-21.0,211,61.866585
-21.0,200,61.899944
-21.0,191,64.740115
-20.0,208,64.98615
-19.0,250,65.114995
-21.0,203,65.291978
-21.0,205,65.489422
-19.0,257,65.837119
-20.0,274,65.936267
-19.0,254,65.936285
-21.0,188,65.955936
-21.0,183,66.04449
-21.0,231,66.230375
-21.0,207,66.352544
-21.0,217,68.379617
-21.0,212,68.428005
-21.0,206,68.552974
-21.0,221,68.713155
-21.0,197,69.661359
-21.0,215,69.761045
-20.0,235,69.801488
-20.0,203,71.93387
-21.0,221,71.991718
-21.0,197,72.26262
-21.0,197,72.279742
-21.0,185,72.490465
-20.0,207,72.508543
-21.0,223,72.579214
-21.0,221,72.686442
-21.0,183,72.83382
-21.0,201,73.056014
-21.0,203,73.216943
-19.0,263,73.633538
