run,fault,dose,seed,cells,caught,differing,injected,found,right
pendulum/action__clip/one/seed0,action:clip,one,0,1,1,1,3249/0,3249/0 action,1
pendulum/action__f16/one/seed0,action:f16,one,0,1,1,1,3255/0,3255/0 action,1
pendulum/action__stale/one/seed0,action:stale,one,0,1,1,1,3255/0,3255/0 action,1
pendulum/action__swap/one/seed0,action:swap,one,0,1,1,1,3249/0,3249/0 action,1
pendulum/action__zero/one/seed0,action:zero,one,0,1,1,1,3249/0,3249/0 action,1
pendulum/final-obs__f16/one/seed0,final-obs:f16,one,0,1,1,1,3399/0,3399/0 final,1
pendulum/final-obs__stale/one/seed0,final-obs:stale,one,0,1,1,1,3399/0,3399/0 final,1
pendulum/final-obs__swap/one/seed0,final-obs:swap,one,0,1,1,1,3399/0,3399/0 final,1
pendulum/final-obs__zero/one/seed0,final-obs:zero,one,0,1,1,1,3399/0,3399/0 final,1
pendulum/log__drop-first/one/seed0,log:drop-first,one,0,1,0,0,,,1
pendulum/log__short/one/seed0,log:short,one,0,1,0,0,,,1
pendulum/none/1.0/seed0,none,1.0,0,0,0,0,,,1
pendulum/obs__f16/one/seed0,obs:f16,one,0,1,1,1,3249/0,3249/0 obs,1
pendulum/obs__stale/one/seed0,obs:stale,one,0,1,1,1,3249/0,3249/0 obs,1
pendulum/obs__swap/one/seed0,obs:swap,one,0,1,1,1,3249/0,3249/0 obs,1
pendulum/obs__zero/one/seed0,obs:zero,one,0,1,1,1,3249/0,3249/0 obs,1
pendulum/reward__f16/one/seed0,reward:f16,one,0,1,1,1,3249/0,3249/0 reward,1
pendulum/reward__stale/one/seed0,reward:stale,one,0,1,1,1,3249/0,3249/0 reward,1
pendulum/reward__swap/one/seed0,reward:swap,one,0,1,1,1,3249/0,3249/0 reward,1
pendulum/reward__zero/one/seed0,reward:zero,one,0,1,1,1,3249/0,3249/0 reward,1
pendulum/step__fill/one/seed0,step:fill,one,0,1,1,3151,3249/0,3249/0 reward,1
pendulum/terminated__spurious/one/seed0,terminated:spurious,one,0,1,1,1,3249/0,3249/0 end,1
pendulum/truncated__as-term/one/seed0,truncated:as-term,one,0,1,1,1,3399/0,3399/0 limit,1
pendulum/truncated__drop/one/seed0,truncated:drop,one,0,1,1,1,3399/0,3399/0 end,1
