env,kind,dose,runs,raises,rule,strict,weights,record,bridge,either
pusher,client,one,63,0.0,0.0,0.0,1.0,0.286,0.0,1.0
pusher,client,0.01,63,0.0,0.048,0.016,1.0,0.286,0.0,1.0
pusher,client,1.0,63,0.0,0.333,0.492,1.0,0.238,0.0,1.0
pusher,log,one,6,0.0,0.0,0.0,0.0,1.0,1.0,1.0
pusher,log,0.01,6,0.0,0.0,0.0,0.0,1.0,1.0,1.0
pusher,log,1.0,6,0.0,0.0,0.0,0.0,1.0,1.0,1.0
pusher,all,one,69,0.0,0.0,0.0,0.913,0.348,0.087,1.0
pusher,all,0.01,69,0.0,0.043,0.014,0.913,0.348,0.087,1.0
pusher,all,1.0,69,0.0,0.304,0.449,0.913,0.304,0.087,1.0
