rung	payload_kib	rep	exchanges	pack_ms	rtt_ms	unpack_ms	wall_s	exchanges_per_s
lo	0	1	1000	0.0016	0.0974	0.0019	0.111	8991.7
ts	0	1	1000	0.0019	0.1076	0.0031	0.131	7628.7
phys	0	1	1000	0.0058	2.6360	0.0202	2.749	363.7
lo	48	1	1000	0.0059	0.1483	0.0037	0.189	5283.8
ts	48	1	1000	0.0058	0.1876	0.0041	0.225	4445.6
phys	48	1	1000	0.0640	8.2662	0.0489	8.762	114.1
lo	184	1	1000	0.0250	0.2390	0.0031	0.371	2694.3
ts	184	1	1000	0.0272	0.2829	0.0045	0.428	2335.7
phys	184	1	1000	0.2371	19.4763	0.0515	20.853	48.0
lo	588	1	1000	0.1226	0.3866	0.0039	0.824	1213.6
ts	588	1	1000	0.1266	0.6995	0.0067	1.178	848.8
phys	588	1	1000	1.5953	68.0037	0.0604	73.301	13.6
phys	0	2	1000	0.0089	3.0039	0.0331	3.185	314.0
ts	0	2	1000	0.0015	0.0901	0.0017	0.103	9722.6
lo	0	2	1000	0.0020	0.1075	0.0033	0.137	7321.5
phys	48	2	1000	0.0488	7.9971	0.0456	8.443	118.4
ts	48	2	1000	0.0061	0.1813	0.0040	0.219	4561.6
lo	48	2	1000	0.0055	0.1711	0.0029	0.202	4949.6
phys	184	2	1000	0.1773	19.9575	0.0520	21.070	47.5
ts	184	2	1000	0.0258	0.3591	0.0047	0.502	1994.0
lo	184	2	1000	0.0262	0.3435	0.0047	0.488	2048.8
phys	588	2	1000	1.7267	65.7984	0.0636	71.393	14.0
ts	588	2	1000	0.1296	0.9870	0.0088	1.494	669.4
lo	588	2	1000	0.1306	1.0271	0.0094	1.537	650.8
lo	0	3	1000	0.0021	0.0984	0.0034	0.127	7844.0
ts	0	3	1000	0.0020	0.1128	0.0035	0.141	7083.4
phys	0	3	1000	0.0075	2.6058	0.0257	2.747	364.0
lo	48	3	1000	0.0061	0.1574	0.0039	0.204	4905.1
ts	48	3	1000	0.0054	0.1725	0.0029	0.203	4930.9
phys	48	3	1000	0.0519	7.8099	0.0481	8.274	120.9
lo	184	3	1000	0.0263	0.2661	0.0042	0.407	2456.0
ts	184	3	1000	0.0264	0.3059	0.0047	0.449	2225.3
phys	184	3	1000	0.2664	21.3771	0.0521	22.641	44.2
lo	588	3	1000	0.1413	0.9472	0.0088	1.480	675.9
ts	588	3	1000	0.1260	0.3789	0.0039	0.818	1221.9
phys	588	3	1000	1.6748	63.2057	0.0628	68.898	14.5
phys	0	4	1000	0.0122	3.4053	0.0380	3.630	275.5
ts	0	4	1000	0.0015	0.0957	0.0019	0.109	9161.7
lo	0	4	1000	0.0019	0.1030	0.0033	0.128	7814.9
phys	48	4	1000	0.0791	9.4465	0.0582	10.047	99.5
ts	48	4	1000	0.0061	0.1557	0.0040	0.202	4961.8
lo	48	4	1000	0.0059	0.1820	0.0032	0.216	4631.2
phys	184	4	1000	0.2691	23.0144	0.0580	24.556	40.7
ts	184	4	1000	0.0237	0.1803	0.0023	0.303	3300.2
lo	184	4	1000	0.0261	0.3178	0.0048	0.464	2156.4
phys	588	4	1000	1.7631	61.9649	0.0596	67.910	14.7
ts	588	4	1000	0.1300	0.5129	0.0054	0.992	1008.5
lo	588	4	1000	0.1312	0.3930	0.0039	0.865	1156.2
lo	0	5	1000	0.0019	0.0990	0.0032	0.123	8157.0
ts	0	5	1000	0.0015	0.1075	0.0019	0.121	8273.1
phys	0	5	1000	0.0080	2.8148	0.0262	2.965	337.3
lo	48	5	1000	0.0061	0.1607	0.0038	0.205	4884.8
ts	48	5	1000	0.0062	0.1600	0.0038	0.205	4870.2
phys	48	5	1000	0.0561	8.0063	0.0487	8.488	117.8
lo	184	5	1000	0.0261	0.2928	0.0038	0.434	2305.2
ts	184	5	1000	0.0260	0.3792	0.0048	0.519	1927.7
phys	184	5	1000	0.2857	26.0893	0.0604	27.541	36.3
lo	588	5	1000	0.1360	1.0013	0.0073	1.535	651.6
ts	588	5	1000	0.1348	0.9064	0.0071	1.421	703.5
phys	588	5	1000	1.5906	100.0883	0.0547	105.308	9.5
