env,fault,dose,seed,cells,raises,rule,strict,weights,record,bridge,gain,last,episodes,sha,learn_s,raised,complete
hopper,action:clip,one,9,1,0,0,,1,0,0,1697.3,1716.6,3399,3633506a,284.292,,1
hopper,action:f16,one,9,1,0,0,,1,0,0,1916.5,1935.5,3342,7bee812e,284.431,,1
hopper,action:stale,one,9,1,0,0,,1,0,0,2012.1,2031.2,3190,491ba7a3,282.043,,1
hopper,action:swap,one,9,1,0,0,,1,0,0,1832.3,1852.2,3642,5f13ad70,281.285,,1
hopper,action:zero,one,9,1,0,0,,1,0,0,2155.1,2174.4,3402,a78814e1,280.791,,1
hopper,delay-1ms,1.0,9,0,0,0,,0,0,0,2016.2,2035.3,3210,2f370852,381.097,,1
hopper,final-obs:f16,one,9,1,0,0,,0,0,0,2016.2,2035.3,3210,2f370852,284.465,,1
hopper,final-obs:stale,one,9,1,0,0,,0,0,0,2016.2,2035.3,3210,2f370852,284.665,,1
hopper,final-obs:swap,one,9,1,0,0,,0,0,0,2016.2,2035.3,3210,2f370852,285.769,,1
hopper,final-obs:zero,one,9,1,0,0,,0,0,0,2016.2,2035.3,3210,2f370852,285.531,,1
hopper,log:drop-first,one,9,1,0,0,,0,1,1,2016.3,2035.3,3210,2f370852,273.237,,1
hopper,log:short,one,9,1,0,0,,0,1,1,2016.2,2035.3,3210,2f370852,273.952,,1
hopper,none,1.0,9,0,0,0,,0,0,0,2016.2,2035.3,3210,2f370852,280.197,,1
hopper,obs:f16,one,9,1,0,0,,1,0,0,1728.7,1748.0,3417,5c71d38d,279.335,,1
hopper,obs:stale,one,9,1,0,0,,1,0,0,1907.3,1926.2,3371,442b8992,281.449,,1
hopper,obs:swap,one,9,1,0,0,,1,0,0,1821.0,1840.1,3212,cb518738,283.658,,1
hopper,obs:zero,one,9,1,0,0,,1,0,0,2271.5,2290.5,3352,50d6d95e,280.648,,1
hopper,reward:f16,one,9,1,0,0,,1,0,0,2495.3,2513.9,3134,fd40d6ec,285.888,,1
hopper,reward:stale,one,9,1,0,0,,1,1,0,1738.3,1757.3,3340,469f914d,285.35,,1
hopper,reward:swap,one,9,1,0,0,,1,1,0,1984.2,2003.1,3323,ae0c0fd4,284.278,,1
hopper,reward:zero,one,9,1,0,0,,1,1,0,2123.9,2142.9,3260,fe544539,286.826,,1
hopper,step:fill,one,9,1,0,0,,1,1,0,1628.2,1648.0,3501,41b2991b,274.156,,1
hopper,terminated:as-trunc,one,9,1,0,0,,1,0,0,2078.3,2097.2,3329,71ffd9c8,273.543,,1
hopper,terminated:drop,one,9,1,0,0,,1,1,0,1803.9,1823.1,3424,d42e5374,274.397,,1
hopper,terminated:spurious,one,9,1,0,0,,1,1,0,1975.3,1994.6,3447,64fdf2d7,276.329,,1
hopper,truncated:as-term,one,9,1,0,0,,1,0,0,1796.0,1815.1,3199,69ed3eef,273.775,,1
hopper,truncated:drop,one,9,1,0,0,,1,1,0,1955.2,1974.3,3166,be6d553d,263.975,,1
hopper,wire-float64,1.0,9,0,0,0,,0,0,0,2016.2,2035.3,3210,2f370852,280.266,,1
