step,slot,episode,return,length
184,5,1,-21.000000,184
187,10,1,-21.000000,187
187,13,1,-21.000000,187
193,0,1,-21.000000,193
203,14,1,-21.000000,203
205,15,1,-20.000000,205
209,3,1,-21.000000,209
220,9,1,-21.000000,220
228,1,1,-20.000000,228
230,4,1,-20.000000,230
238,11,1,-20.000000,238
239,6,1,-21.000000,239
249,12,1,-21.000000,249
250,8,1,-19.000000,250
265,7,1,-19.000000,265
285,2,1,-20.000000,285
373,10,2,-21.000000,186
387,5,2,-21.000000,203
392,0,2,-21.000000,199
423,15,2,-21.000000,218
426,3,2,-21.000000,217
433,4,2,-21.000000,203
433,13,2,-20.000000,246
436,12,2,-21.000000,187
445,1,2,-21.000000,217
446,6,2,-21.000000,207
449,11,2,-21.000000,211
483,14,2,-21.000000,280
494,9,2,-19.000000,274
497,8,2,-21.000000,247
509,7,2,-20.000000,244
513,2,2,-21.000000,228
577,10,3,-21.000000,204
596,0,3,-21.000000,204
615,5,3,-19.000000,228
634,3,3,-21.000000,208
653,4,3,-21.000000,220
653,11,3,-21.000000,204
659,1,3,-20.000000,214
660,13,3,-21.000000,227
660,15,3,-20.000000,237
662,12,3,-20.000000,226
681,6,3,-21.000000,235
681,14,3,-21.000000,198
689,9,3,-21.000000,195
721,7,3,-21.000000,212
722,8,3,-21.000000,225
730,2,3,-21.000000,217
780,10,4,-21.000000,203
784,0,4,-21.000000,188
820,5,4,-21.000000,205
866,11,4,-21.000000,213
871,12,4,-21.000000,209
876,9,4,-21.000000,187
884,1,4,-20.000000,225
885,3,4,-18.000000,251
887,4,4,-20.000000,234
902,13,4,-20.000000,242
915,6,4,-21.000000,234
919,14,4,-19.000000,238
924,15,4,-21.000000,264
938,2,4,-21.000000,208
950,8,4,-20.000000,228
969,7,4,-19.000000,248
981,10,5,-21.000000,201
1006,0,5,-20.000000,222
1063,9,5,-21.000000,187
1074,5,5,-19.000000,254
1088,11,5,-21.000000,222
1093,4,5,-21.000000,206
1094,13,5,-21.000000,192
1097,12,5,-20.000000,226
1100,3,5,-21.000000,215
1114,1,5,-21.000000,230
1116,6,5,-21.000000,201
1132,14,5,-20.000000,213
1137,15,5,-21.000000,213
1145,2,5,-21.000000,207
1164,7,5,-21.000000,195
1164,8,5,-21.000000,214
1233,10,6,-21.000000,252
1280,11,6,-21.000000,192
1286,0,6,-20.000000,280
1287,13,6,-21.000000,193
1291,9,6,-20.000000,228
1302,1,6,-21.000000,188
1311,6,6,-21.000000,195
1312,5,6,-20.000000,238
1321,3,6,-21.000000,221
1323,4,6,-19.000000,230
1335,14,6,-21.000000,203
1337,15,6,-21.000000,200
1356,12,6,-21.000000,259
1361,2,6,-21.000000,216
1363,7,6,-21.000000,199
1378,8,6,-21.000000,214
1466,10,7,-21.000000,233
1487,0,7,-21.000000,201
1502,1,7,-21.000000,200
1513,6,7,-21.000000,202
1529,15,7,-21.000000,192
1533,5,7,-21.000000,221
1533,9,7,-20.000000,242
1539,3,7,-21.000000,218
1542,12,7,-21.000000,186
1543,4,7,-21.000000,220
1560,14,7,-21.000000,225
1573,7,7,-21.000000,210
1573,13,7,-18.000000,286
1589,11,7,-21.000000,309
1600,2,7,-20.000000,239
1649,8,7,-21.000000,271
1678,10,8,-21.000000,212
1724,9,8,-21.000000,191
1736,0,8,-21.000000,249
1737,6,8,-20.000000,224
1740,12,8,-21.000000,198
1741,5,8,-20.000000,208
1744,3,8,-21.000000,205
1749,14,8,-21.000000,189
1750,15,8,-21.000000,221
1761,7,8,-21.000000,188
1778,13,8,-21.000000,205
1779,4,8,-20.000000,236
1807,1,8,-20.000000,305
1808,2,8,-21.000000,208
1845,8,8,-21.000000,196
1846,11,8,-21.000000,257
1908,10,9,-21.000000,230
1927,12,9,-21.000000,187
1933,5,9,-21.000000,192
1937,6,9,-21.000000,200
1937,9,9,-21.000000,213
1952,0,9,-20.000000,216
1960,15,9,-21.000000,210
1963,3,9,-21.000000,219
1998,7,9,-21.000000,237
1999,13,9,-21.000000,221
2015,1,9,-21.000000,208
2015,2,9,-21.000000,207
2018,14,9,-21.000000,269
2073,8,9,-21.000000,228
2080,11,9,-21.000000,234
2093,4,9,-19.000000,314
2133,10,10,-21.000000,225
2141,9,10,-21.000000,204
2154,0,10,-21.000000,202
2161,15,10,-21.000000,201
2162,12,10,-21.000000,235
2173,3,10,-21.000000,210
2175,6,10,-21.000000,238
2190,5,10,-20.000000,257
2196,7,10,-21.000000,198
2199,13,10,-21.000000,200
2230,1,10,-21.000000,215
2237,14,10,-20.000000,219
2287,2,10,-19.000000,272
2312,8,10,-21.000000,239
2317,11,10,-21.000000,237
2320,4,10,-20.000000,227
2347,10,11,-20.000000,214
2378,15,11,-20.000000,217
2382,6,11,-21.000000,207
2386,3,11,-20.000000,213
2393,12,11,-20.000000,231
2400,13,11,-21.000000,201
2401,0,11,-20.000000,247
2412,9,11,-19.000000,271
2415,7,11,-21.000000,219
2420,5,11,-20.000000,230
2447,1,11,-20.000000,217
2479,14,11,-20.000000,242
2523,4,11,-21.000000,203
2538,2,11,-20.000000,251
2551,11,11,-21.000000,234
2559,8,11,-21.000000,247
