arm	seed	iterations	runs	first_return	last10_return	gain	first_length	last10_length
base	0	100	true	16.7	89.9	73.2	22.7	57.2
base	1	100	true	21.2	110.0	88.8	23.6	63.2
base	2	100	true	19.6	125.7	106.1	23.8	76.2
chunk4	0	100	true	19.5	67.6	48.1	24.2	47.1
chunk4	1	100	true	17.7	77.8	60.1	22.8	55.1
chunk4	2	100	true	18.0	63.2	45.2	22.5	45.7
steps20	0	100	true	16.9	81.0	64.2	22.5	52.6
steps20	1	100	true	23.0	107.9	84.9	24.2	62.3
steps20	2	100	true	20.2	120.6	100.4	23.4	73.4
net512	0	100	true	18.1	351.9	333.8	23.2	138.4
net512	1	100	true	18.0	351.6	333.7	22.4	137.8
net512	2	100	true	17.2	356.6	339.4	22.4	132.4
all	0	100	true	19.9	761.8	741.9	24.2	627.3
all	1	100	true	19.8	872.6	852.8	23.8	830.4
all	2	100	true	20.9	989.3	968.4	25.0	908.8
