rung	arm	payload_kib	rep	exchanges	pack_ms	rtt_ms	unpack_ms	wall_s	exchanges_per_s	infer_bytes	feedback_bytes
lo	v1	0	1	100	0.0019	0.1703	0.0025	0.019	5333.1	361	539
lo	v2	0	1	100	0.0040	0.2542	0.0057	0.029	3417.7	269	539
ts	v1	0	1	100	0.0018	0.1427	0.0021	0.016	6324.8	361	539
ts	v2	0	1	100	0.0027	0.1669	0.0045	0.020	4975.2	269	539
phys	v1	0	1	100	0.0136	4.0789	0.0433	0.430	232.6	361	539
phys	v2	0	1	100	0.0103	2.7818	0.0306	0.294	340.0	269	539
lo	v1	48	1	100	0.0069	0.1569	0.0044	0.020	4982.5	49567	49745
lo	v2	48	1	100	0.0064	0.2084	0.0054	0.026	3777.3	322	49745
ts	v1	48	1	100	0.0070	0.1582	0.0042	0.021	4736.0	49567	49745
ts	v2	48	1	100	0.0039	0.2325	0.0039	0.027	3737.0	322	49745
phys	v1	48	1	100	0.0246	7.0174	0.0336	0.729	137.1	49567	49745
phys	v2	48	1	100	0.0172	5.8676	0.0352	0.612	163.4	322	49745
lo	v1	184	1	100	0.0219	0.2995	0.0035	0.040	2492.1	188630	188808
lo	v2	184	1	100	0.0079	0.4394	0.0055	0.052	1927.0	374	188808
ts	v1	184	1	100	0.0259	0.3245	0.0050	0.045	2243.2	188630	188808
ts	v2	184	1	100	0.0081	0.3229	0.0052	0.041	2420.2	374	188808
phys	v1	184	1	100	0.3297	20.3593	0.0406	2.135	46.8	188630	188808
phys	v2	184	1	100	0.0310	11.6958	0.0386	1.234	81.1	374	188808
lo	v1	588	1	100	0.1510	0.6621	0.0062	0.117	853.6	602531	602709
lo	v2	588	1	100	0.0171	0.6095	0.0110	0.087	1154.6	324	602709
ts	v1	588	1	100	0.1337	1.1844	0.0096	0.168	596.7	602531	602709
ts	v2	588	1	100	0.0156	0.7476	0.0079	0.093	1072.7	324	602709
phys	v1	588	1	100	0.7983	59.8487	0.0532	6.424	15.6	602531	602709
phys	v2	588	1	100	0.0530	31.2427	0.0458	3.406	29.4	324	602709
